Nombre (tal y como quieres que se publique),¬øPodr√≠as presentarte brevemente? ¬øA qu√© te dedicas y cu√°les son tus aficiones?,¬øDe qu√© hablar√°s exactamente en tu charla/taller? ¬øPor qu√© elegiste ese tema?,¬øQu√© te gustar√≠a conseguir al conectar con la audiencia con la charla/taller?,¬øCu√°l es tu lenguaje de programaci√≥n favorito?,¬øcual es tu editor/IDE favorito?,¬øQu√© proyecto de software libre sin el que no podr√≠as vivir recomendar√≠as?,¬øCu√°l fue tu primera experiencia con el software/hardware libre?,¬øCu√°l fue tu primer contacto con el software/hardware libre?,¬øContribuyes al software/hardware libre? En caso afirmativo: ¬øCu√°l es tu principal motivaci√≥n para hacerlo?,¬øCu√°l es en tu opini√≥n la mejor manera de empezar a aportar a un proyecto abierto?,¬øEs tu primera vez en OpenSouthCode? En caso afirmativo: ¬øC√≥mo llegaste a conocernos?,"Y ya para terminar, un detalle poco conocido sobre ti de tu infancia: tu juguete favorito, qu√© te gustaba romper, com√≠as bien o eras un dolor en la mesa... Cu√©ntanos tu historia.",Pega aqu√≠ los enlaces de redes sociales que consideres oportuno para que podamos enlazarte al nombrarte en ellas
Joan Leon,"Frontend Engineer en Adevinta Spain y consultor de Web Performance , me apasiona todo lo relacionado con el desarrollo e interacci√≥n en la interfaz de usuario en entornos web. Trato de estar al d√≠a en todo lo relacionado con HTML5, CSS, SVG y Javascript. Otra de mis pasiones es la de colaborar en proyectos Open Source.  Soy Google Developer Expert en tecnolog√≠a web y Media Developer Expert de Cloudinary. I ‚ù§Ô∏è CSS, Web Animation & Web Performance

Me encanta compartir conocimiento, ya sea en MeetUps, Conferencias, Workshops, en mi canal de YouTube https://www.youtube.com/c/JoanLeon o en el blog https://joanleon.dev/, siempre activo en @nucliweb compartiendo recursos y novedades del mundo frontend.","Quiero mostrar el potencial de las Chrome DevTools para detectar problemas de rendimiento en nuestros productos, eleg√≠ este tema con la idea de despertar la curiosidad de la audiencia en el rendimiento utilizando herramientas que tenemos disponible en el navegador.",Despertar la curiosidad de la audiencia en el rendimiento web para mejorar la UX de sus productos.,JavaScript,NeoVim,https://github.com/GoogleChrome/lighthouse,Mi primera experiencia fue con las primeras instalaciones de distribuciones Linux (en diskettes üôà),Hace unos 10 a√±os hice la traducci√≥n al catal√°n de un plugin jQuery datepicker al catal√°n,Contribuyo siempre que tengo ocasi√≥n. Mi motivaci√≥n es poder ayudar o aportar lo que pueda y compartir con la comunidad lo que pueda aportar.,"Depende mucho de la persona, me consta que hay gente que sufre del s√≠ndrome del impostor/a, y empezar participando con las issues reportando problemas o compartiendo posibles soluciones es de gran ayuda.","Es la primera vez, s√≠. Me contact√≥ Juanmi Taboada para ofrecerme dar una charla.","En unas colonias infantiles, me llegaron a poner el apodo de ""saltimbanqui"", no paraba de dar saltos y piruetas en la piscina üòÖ","https://www.linkedin.com/in/joanleon
https://joanleon.dev
https://twitter.com/nucliweb
https://webperf.social/@nucliweb
https://github.com/nucliweb
https://slides.com/joanleon
"
Elena G Blanco,"Soy developer, speaker, Microsoft MVP desde 2020, baseball fan y hobbyist gamedev","Es una introducci√≥n a Godot Engine, una herramienta open-source para hacer videojuegos 2D y 3D. Es un proyecto en pleno auge y que democratiza en gran medida el game development, pues son pocos los requisitos que necesita para ejecutarse en casi cualquier equipo y cuenta con una curva de aprendizaje muy asequible","Quisiera dar a conocer alternativas para crear videojuegos que est√°n al alcance de todo el mundo, desgranando sus principales features y mostrando algunos ejemplos",C#,Visual Studio Code,Telegram,OpenSuse,"A trav√©s de un profesor de inform√°tica en ciclos formativos, me ense√±√≥ a aprender las entra√±as de Linux y lo √∫til que es para el d√≠a a d√≠a. Eso te abre la mente sobre c√≥mo funciona el software, la inform√°tica, los sistemas operativos. Desde entonces, siempre intento ense√±ar tecnolog√≠a desde las bases, desde la terminal si es posible, para despu√©s pasar a interfaces gr√°ficas, sabiendo que conocemos bien lo que hay por debajo, c√≥mo se hace y por qu√© est√° hecho de una determinada forma.",Compartir conocimiento y crecer en comunidad,"Leer documentaci√≥n, conocer el prop√≥sito/objetivo del proyecto. En caso de que est√© en un repositorio, revisar issues abiertos, ver c√≥mo se trabajan los pull requests...",,"De peque adoraba el deporte, me encantaba jugar al basket o al f√∫tbol... pero poco a poco me convert√≠ en un bookworm, y ahora vivo enterrada entre libros y c√≥digo",https://twitter.com/Beelzenef_
Jes√∫s Rodr√≠guez,"Soy programador freelancer dedicado al frontend, testing y accesibilidad. Mi mayor afici√≥n es la cocina. Me encanta cocinar y gracias a mi trabajo puedo hacerlo cada d√≠a.","Mi charla va sobre c√≥mo introducirse en el mundo de la accesibilidad. Pienso que la web podr√≠a llegar a m√°s personas, y por ende a m√°s clientes. ",Me gustar√≠a quitar ese miedo a la accesibilidad como si fuese algo complicado o algo excesivamente caro. No tiene por qu√© ser as√≠ y me gustar√≠a poder demostrarlo.,Typescript,Vscode,Angular,"Si experiencia la entendemos como hacerlo yo activamente, imagino que con AngularJS cuando creaba librer√≠as opensource.","Quiz√° fue cuando estuve usando Gentoo Linux durante unos a√±os, pero no sabr√≠a decir, ya son muchos a√±os con la inform√°tica","S√≠, creo librer√≠as para mis frameworks favoritos. Mi motivaci√≥n es ayudar a los dem√°s. El conocimiento y las herramientas deber√≠an ser libres.",Arreglar fallos en la documentaci√≥n. A√±adir alg√∫n caso de uso que te ha dado problemas o meter m√°s tests.,"No, que va, no me pierdo ni uno.","Qu√© no he roto. He roto barbies, ollas, planchas... Pero com√≠a bien. Siempre he sido un ni√±o muy activo, como se suele decir, to el d√≠a parriba y pabajo. Aunque es verdad que cuando descubr√≠ la inform√°tica me apasion√≥ tanto que empec√© a centrarme m√°s en eso que en ims amigos.",https://github.com/foxandxss / https://twitter.com/Foxandxss
Agust√≠n Benito Bethencourt (toscalix),"Mi nombre es Agust√≠n Benito (toscalix), tengo 49 a√±os, vivo a mitad de camino entre El Rinc√≥n de La Victoria, en M√°laga y Los Llanos De Aridane, en La Palma, Canarias. Me dedico a la industria del software, especialmente del software libre, desde hace 20 a√±os, siempre como gestor o consultor. Me gusta viajar, el mar, el baloncesto y las barbacoas.

He tenido la fortuna de trabajar para organizaciones punteras de software libre como SUSE, Linaro o La Eclipse Foundation junto a grandes profesionales. Donde m√°s aprend√≠ como profesional, sin embargo, fue en mis comienzos, en Canarias, con mi propia empresa y junto a unos compa√±eros que me ayudaron much√≠simo. Casi todo lo que s√© sobre software libre lo aprend√≠ en KDE.","Hablar√© de las principales m√©tricas a tener en cuenta en producci√≥n de software  as√≠ como la manera en la que debeos definir un modelo que nos ayude a aplicarlas y entender sus resultados.

He elegido este tema porque, a pesar de su demostrada relevancia, son muy pocas las empresas y profesionales que las usan regularmente.",Ser√≠a un √©xito para mi que los participantes en la charla quisieran conocer algo m√°s sobre estas m√©tricas y c√≥mo aplicarlas despu√©s de escuchar mi presentaci√≥n.,"No programo hace much√≠simo. Y a mi edad, espero que la AI me evite el trago de volver a aprender.",Uso VIM y kate.,KDE y zim-wiki. Los uso a diario.,"Fue en la Universidad de La Laguna, en el aula de inform√°tica, con Debian. M√°s tarde, me introduje profesionalmente a trav√©s del proyecto Linux Terminal Server Project (LTSP). Era propietario de una academia. Ten√≠amos ordenadores viejos y ese proyecto nos permiti√≥ dar formaci√≥n en materias avanzadas a coste bajo. Acabamos contribuyendo activamente al proyecto. Est√°bamos innovando con recursos escasos, pero mucha ilusi√≥n.","Fue en la Facultad de F√≠sica, tanto en el aula de ordenadores como en los ordenadores de la Delegaci√≥n de Estudientes. Ten√≠amos ""internet""!","En los √∫ltimos meses he tenido la suerte de trabajar a tiempo completo para el proyecto Eclipse Oniro, una familia de sistemas operativos para IoT y Edge que mermite crear soluciones integradas para diferentes tipos de dispositivos.

Mi principal motivaci√≥n para dedicarme profesionalmente al software libre es la innovaci√≥n, fruto de poder colaborar de manera abierta y transparente.",La mejor manera de empezar a aportar a un proyecto abierto es usar el c√≥digo y aportar mejoras que t√∫ mismo necesites. Las mejores contribuciones suelen venir de personas que usan el programa de manera regular. Creo mucho en la necesidad como factor determinante para innovar y sostener el esfuerzo necesario para que tu trabajo tenga impacto.,"No, ya he participado en ediciones anteriores.","He sido un gran fan de los juegos de mesa NAC. Se comercializan de nuevo, por cierto.",http://www.toscalix.com 
Diego Parrilla,"Soy Ingeniero Inform√°tico, con una carrera larga en la profesi√≥n. Aunque empec√© mucho antes: con 13 a√±os hice mi primer juego para Oric-1. Soy un programador de pura cepa, ahora me dedico a invertir en empresas de tecnolog√≠a en fases iniciales y a empujar mi nuevo proyecto tecnol√≥gico: Threat Jammer.
Fan√°tico del metal y el industrial de los 80 y 90, me gusta perderme con la bici de monta√±a por la Sierra del Guadarrama. Y claro, la computaci√≥n retro.","Hablar√© sobre c√≥mo se programaba una intro para un hardware de los 80 como Atari ST. Pero como soy entusiasta de la Ingenier√≠a del Software y el c√≥digo abierto, explicar√© c√≥mo se pueden usar herramientas modernas para hacerlo en 2023. Y compararemos la evoluci√≥n de las buenas pr√°cticas de ingenier√≠a de finales de los 80 con las actuales, y el impacto en nuestra productividad.
En la charla mostrar√© una intro nueva que he desarrollado recientemente, y la comparar√© con una que hice en 1989.","Que conozcan la ""demoscene"" y que comprendamos la enorme evoluci√≥n en la Ingenier√≠a del Software en estos 30 a√±os, sobre todo para tratar de entender y predecir hacia donde vamos en el futuro.",Python,VScode,FastAPI,"A mediados de los ochenta tuve acceso a herramientas ""Public Domain"", que me volaron la cabeza. Acceder adem√°s al c√≥digo fuente me permit√≠a aprender.","A mediados de los ochenta hac√≠a algo que no era muy habitual: liberar el c√≥digo de lo que hac√≠a al ""Public Domain"", entonces lo de las licencias no exist√≠a.",Moral. Debo aportar porque me aporta. Y me encanta conocer gente interesante.,Buscar alg√∫n bug que lleve dando vueltas un tiempo que no parezca muy exigente y solucionarlo.,Conozco el evento desde 2018. Desde Microsoft estuvimos considerando patrocinarlo.,Quem√© mi habitaci√≥n con el Quimicefa,"Twitter: https://twitter.com/soyparrilla
Canal YouTube con las demos: https://www.youtube.com/channel/UCG9wEuHEfxNAWJtJo7qiufw
Linkedin: https://www.linkedin.com/in/diegoparrilla/"
Jorge Hidalgo,"Soy arquitecto de tecnolog√≠a en Accenture, donde lidero nuestra pr√°ctica en DevOps en Espa√±a, y nuestra pr√°ctica en Java globalmente. El puesto de arquitecto de tecnolog√≠a es una combinaci√≥n de disciplinas de software (principalmente tecnolog√≠as abiertas), hardware (sobre todo en mundo cloud) y metodolog√≠a de trabajo (Agile, DevOps). En mi tiempo libre me gusta hacer de todo: salir a pasear por el campo o la playa, tocar flautas y whistles, jugar a videojuegos (me gusta casi todos los g√©neros aunque sobre todo juego a rol y shooters), o ver alguna peli o serie buena (y si es de Star Wars, aun mejor). Me encantan los Legos, las Raspberry Pi, Arduino, y mi proyecto personal actual es montar una estaci√≥n meteorol√≥gica con c√≥digo libre (que pod√©is ir viendo c√≥mo est√° quedando en GitHub :-P).","En mi charla tratar√© de desmitificar qu√© es DevSecOps, comentar qu√© pr√°cticas debemos incluir en nuestro d√≠a a d√≠a m√°s all√° de las habituales de an√°lisis de c√≥digo o dependencias, y adem√°s compartir√© herramientas libres que podemos aplicar desde el primer d√≠a en nuestros propios proyectos. No se trata de desmerecer a las herramientas comerciales que son muchas y buenas, sino poner el foco en que en open source encontramos aut√©nticas maravillas, herramientas muy √∫tiles y en algunos casos adem√°s, referentes en el mercado.","Si al terminar la charla los asistentes se llevan aunque sea una o dos ideas y herramientas para mejorar la protecci√≥n frente a amenazas de ciberseguridad en sus proyectos, ya ser√≠a todo un √©xito.","Me gustan sobre todo Java, Groovy y Python.",Me gusta especialmente Visual Studio Code.,"Por mi trabajo utilizo cientos de proyectos, pero si solo pudiera nombrar uno, al que le tengo un cari√±o especial por lo que ha significado a lo largo de los a√±os, ser√≠a Jenkins, el motor de automatizaci√≥n e integraci√≥n continua.","Supongo que como la mayor√≠a de 'javeros', mi primera experiencia fue con los productos de la Apache Software Foundation: HTTPD, Tomcat, Commons... All√° por el final de los 90 eran aut√©nticos imprescindibles de cualquier proyecto serio en entorno web.",Igual.,"Contribuyo especialmente con librer√≠as, proyectos de ejemplo o tutoriales. Mi motivaci√≥n es doble: por un lado me ayuda a m√≠ a aprender y compartir experiencias; y por otro lado el intentar que esos apuntes sean √∫tiles a otras personas que est√©n aprendiendo.","Siempre recomiendo empezar por utilizar y aportar feedback. Todos hacemos uso de librer√≠as o herramientas que nos gustan, y solo de usarlos podemos compartir buenas pr√°cticas, reportar errores, sugerir mejoras en la documentaci√≥n. Cualquier contribuci√≥n es m√°s que bienvenida, y todo el mundo puede aportar en la medida de sus posibilidades y tiempo disponible.","No es la primera vez, y seguro que tampoco ser√° la √∫ltima. :-)",De peque√±o era absoluto fan de los Tente y los Playmobil. Y debo confesar que no se me ha quitado el gusto por jugar con bloques desde entonces. :-),https://twitter.com/deors314
Pedro J. Molina,"Soy el fundador de Metadev, una compa√±√≠a dedicada a la Ingenier√≠a de Software y DSLs. Me gustan los sintetizadores y la buena m√∫sica especialmente la de Jean-Michel Jarre.",Infraestructura como c√≥digo con Terraform. Es un tema que cada d√≠a es m√°s necesario al crear productos basados en la nube.,Dar a conocer la tecnolog√≠a. Mostrar a otros las posibilidades de esta tecnolog√≠a.,C#,VS Code,Linux,Linux Slackware 1.0 durante la universidad,Sobre HW libre: cacharreando en casa con Arduino y despu√©s con Raspberry Pi.,S√≠. Compartir conocimiento y proporcionar bases para que otros lleguen m√°s lejos,"Empaparse del proyecto, leer su documentaci√≥n, los problemas abiertos y ver donde podemos aportar.","No. Llevo 3 o 4 ediciones, al menos.",Mi juguete favorito fue el Tente. La de cosas que constru√≠a. ;-),https://twitter.com/pmolinam   https://www.linkedin.com/in/pjmolina/
Jos√© Su√°rez,"Actualmente soy el responsable del √°rea de Technology Architecture en Accenture Espa√±a, Spain ATC. Pero despu√©s de tantos a√±os trabajando en diferentes proyectos, tecnolog√≠as, pa√≠ses... usando Waterfall, Scrum o SAFe, aplicando patrones y pr√°cticas robustas: Headless Content Design, API Contract First, Data Driven Architectures, Event-Driven System... todos nombres muy rimbombantes... lo que realmente queda despu√©s de trabajar en 7 empresas diferentes y de lo que estoy m√°s orgulloso es de las experiencias que he compartido con mis compa√±eros.","Hablar√© sobre la metodolog√≠a InnerSource llevada al extremo y c√≥mo la cultura Open Source puede ""infectar‚Äù la cultura corporativa. Lo eleg√≠ como tema porque hace 3 a√±os no sab√≠a nada de ella como ""entidad"" y pas√© de no creer en esta metodolog√≠a que me estaban imponiendo a adaptarla a todos mis proyectos de forma voluntaria.","Que vean ejemplos ejemplos de lo que es InnerSource como estrategia de desarrollo, compartir sufrimientos y pr√°cticas basadas en la Ingenier√≠a del Software donde la colaboraci√≥n como principio b√°sico y la creaci√≥n de una cultura distinta puede romper barreras y formas de trabajo est√°ticas y arcaicas. Imag√≠nate un cliente donde hay cientos de personas haciendo lo mismo durante 20 a√±os y llegan ""los nuevos"" con ideas nuevas. Autom√°ticamente somos los enemigos p√∫blicos n√∫mero uno.",C#,VSCode,"Angular. Para mi ha sido un proyecto de referencia constante (incluso desde AngularJS), con sus altibajos. Antes pensaba lo mismo de Vue pero a partir de la versi√≥n 3 renegu√© por los intereses comerciales.",Hace muchos a√±os cuando GitHub era libre y buscaba ejemplos de c√≥digo en Delphi.,"Cuando empece a jugar con Arduino, sensores y varias Raspberry Pi.",Contribu√≠a en el pasado pero mi repositorio se convirti√≥ en privado al ser adquirido por una empresa. Desde entonces he mantenido repositorios de forma an√≥nima junto al personal que no estoy manteniendo actualmente. ,Aprender lo que es la metodolog√≠a InnerSource.,"No, he estado varias veces y es la segunda vez como ponente. ",Soy inform√°tico desde el momento en que mi padre trajo a casa un Spectrum 48+ y comenc√© a copiar c√≥digo m√°quina de revistas. Me qued√© sin viaje de fin de curso de 3¬∫ de BUP a cambio de un Amiga 500 y aprend√≠ a programar en Turbo Pascal... donde no pod√≠a entender qu√© era un puntero. Jug√≥n desde los 10 a√±os hasta hoy.,https://www.linkedin.com/in/jasuarezg/
V√≠ctor Arias,"Soy dise√±ador gr√°fico, fot√≥grafo, t√©cnico inform√°tico, profesor cuando puedo y a ratos programador. El dise√±o gr√°fico es mi vocaci√≥n pero tambi√©n me apasiona la tecnolog√≠a, particularmente a la hora de buscar nexos entre lo creativo y lo t√©cnico. Tambi√©n me gusta experimentar con mi homelab, crear y escuchar m√∫sica, d√°rmelas de cultureta, debatir acaloradamente y beber cerveza.","Hablar√© de c√≥mo se me present√≥ la oportunidad de participar en un proyecto art√≠stico colectivo, por qu√© utilic√© Processing y los antecedentes de mi decisi√≥n, c√≥mo conectar la imagen con la m√∫sica y c√≥mo pensar y dise√±ar arte generativo destinado a espect√°culos.","Que se lleven a casa un trozo de conocimiento impulsado por software libre de c√≥digo fuente abierto, intentando hacerlo lo m√°s ameno e interesante posible (no prometo nada).",El adecuado para la tarea,VSCodium (¬°como VSCode pero sin telemetr√≠a!),Vikunja y Airsonic,¬°Guadalinex en la ESO! Recuerdo la disonancia cognitiva de que no fuese Windows y mi arrogancia ante ello. Hoy d√≠a corro Linux a diario.,Cuando grab√© Ubuntu 9.04 en un CD. No dur√© ni 15 minutos.,"No soy programador de oficio pero siempre intento colaborar en los proyectos cuando puedo, ya sea reportando fallos, aportando sugerencias, traduciendo al Espa√±ol, haciendo de conejillo de indias de testeo y cuando me lo puedo permitir realizando una donaci√≥n monetaria. Al fin y al cabo, el software libre es un movimiento voluntario, cuya grandeza solo es posible por las personas que colaboran en ello.",De cualquier manera. Simplemente asomando la cabeza por un tracker ya le alegra el d√≠a a los que est√©n intentando sacar un proyecto adelante sin m√°s inercia que su propia voluntad.,"S√≠, es mi primera vez. Me invit√≥ a participar la organizaci√≥n.",¬°Ja! ¬øCre√≠ais que no me dar√≠a cuenta de vuestro burdo ataque de phishing para sustraerme las respuestas a mis preguntas de seguridad?,"https://www.instagram.com/varias.design/
https://www.linkedin.com/in/v%C3%ADctor-arias-castillo/
https://t.me/VariasDesign
https://matrix.to/#/@variasdesign:matrix.org
https://www.variasdesign.com"
Ismael Olea,T√©cnico de proyectos y wikimedista.,Wikidata. Mola mogoll√≥n.,Que acabe adicta a Wikidata cual droga√≠na.,No me gusta programar.,Joe.,,"Hace tiempo, a√∫n no se hab√≠a inventado la imprenta.",,,,,No me gustan las personas.,https://twitter.com/olea
Iv√°n Valero,"De acuerdo, ¬øpor d√≥nde empiezo? Soy Iv√°n, estudi√© Ingenier√≠a Inform√°tica en la Universidad de Granada y me gradu√© el a√±o pasado, trabajando ahora como Desarrollador Backend Junior en Nazar√≠es-Intelligenia. 
Adem√°s tengo mucha curiosidad por los Chatbots y los Asistentes de Voz y me encanta cacharrear, as√≠ que me meto a veces en unos ""fregaos"" que no s√© como terminar√°n, pero siempre saco algo que poder contar.
Adem√°s de sentarme a escribir palabrejos al ordenador, a veces echo unas partidas de videojuegos o juegos de mesa, paseo por Granada o tapeo con amig@s mientras hablamos de la vida. No tiendo a viajar, pero alguna escapada expr√©s ha ca√≠do.","Esta charla es una historia (profundizando adem√°s en las tecnolog√≠as alrededor de esta y pregunt√°ndonos cosas). Una historia de alguien que vio una Alexa y se pregunt√≥ que hab√≠a dentro. Alguien que empez√≥ a probar a hacer un prototipo casero (algo cutre) a base de leer, probar proyectos, juntarlos de alguna forma y muchas pruebas hablando como loco al ordenador. Y que despu√©s de todo a√∫n aprendi√≥ m√°s gracias a la gente que se encontr√≥ en el camino.
 ¬øY qui√©n es ese alguien? No creo que os pueda decir qui√©n soy, jajaja.","Hoy en d√≠a la Inteligencia Artificial est√° en boca de tod@s, es un hecho. Con esta charla quiero en parte demistificar un poco lo que hay detr√°s de los Asistentes Virtuales gracias a la experiencia que he pasado, y preguntarnos algunas cuestiones que obvian a veces los que usan estas tecnolog√≠as.","Python. No llevo mucho tiempo usando el lenguaje, pero me ha servido bastante para construir muchas cosas. Adem√°s, trabajo mayormente con este lenguaje.","Uso mucho Visual Studio Code, pero estoy probando VSCodium por el hecho de que el cambio es casi m√≠nimo.  ",Pues tengo 2: Django y Rasa. Uno porque trabajo con APIs REST y es la librer√≠a que uso para ello; y otro porque me ayuda a descubrir muchas cosas en el mundo del NLP .,"Mi primera vez usando Software Libre con asiduidad fue en 2009, cuando empezaban a dar unos port√°tiles en el colegio con Guadalinex. No sab√≠a mucho de Linux pero junto con un amigo empezamos en la ESO a maquinar cosas. Que si probar a instalar temas, o actualizar a versiones de Ubuntu m√°s actuales (la 11.10 y sus efectos). 

Uno de los programas que usaba m√°s era el Festival, un TTS que generaba voces sint√©ticas. A veces escrib√≠amos muchas letras sin sentido para que el pobre port√°til se colgara hasta que empezaba a recitarlas.","Mi primer contacto como tal en este mundillo fue incluso antes de mi primera experiencia, cuando se abri√≥ un Guadalinfo en mi pueblo (por entonces muchas casas no ten√≠an red de Internet). Era muy chiquitito (ten√≠a 5/6 a√±os) y fue algo muy raro no ver un Windows en ese lugar y tiempo, pero serv√≠a para jugar minijuegos y conectarse a Internet para hacer alg√∫n trabajo o buscar algo.","No soy muy activo haciendo contribuciones, pero alguna he hecho y se ha subido. Al final, un poco la esencia de estos proyectos es colaborar a la comunidad, aunque sea un granito de arena.","No creo que haya una mejor manera como tal. Puedes ir a un repositorio que te guste, probarlo, leerte la documentaci√≥n y ver algo que crees que puede mejorarse o donde veas que necesitan ayuda. A partir de ah√≠ ya ser√≠a hablarlo con el desarrollador, y el resto es un abanico de posibilidades.","S√≠, ""es mi primerita vez"". Estaba por Twitter cuando vi un retweet de la conferencia, y me dio curiosidad al ver la tem√°tica as√≠ que me dije ""¬øPor qu√© no ir?"".","Recuerdo que de peque√±o √≠bamos en el verano a veces a una casa-cueva en una pedan√≠a del pueblo, donde hab√≠a un mont√≥n de arena y pasaba ratos con mis hermanos y mis primos jugando con palas y cochecitos a ser constructores de pistas. Acab√°bamos con arena hasta los ojos, sacudi√©ndonos la ropa hasta que estuviera menos blanquecina para entrar a merendar. ","Pod√©is encontarme en ...
Twitter: @IvanInVR
LinkedIn: https://www.linkedin.com/in/ivan-vr/
Mastodon: @IvanInVR@mastodon.la"
Jonathan Vila,"Soy Java Champion desde 2020 y uno de los lideres del BarcelonaJUG y tambien co-fundador de las conferencias JBCNConf y DevBcn. Actualmente trabajo como Developer Advocate para la compa√±ia Sonarsource, especializada en herramientas para analisis de codigo dedicadas a mejorar el Clean Code y la Seguridad.
Llevo trabajando como developer los ultimos 30 a√±os, en multitud de lenguajes y compa√±ias. Me ecanta la psicologia y la filosofia, especialmente el concepto de la realidad.","Clean Code, creo que hay que volver a las raices y hablar de los fundamentos del desarrollo de software y como eso nos mejora como desarrolladores y tambien optimiza el proceso de construccion de aplicaciones asi como evita problemas de seguridad.",Encender una chispa de curiosidad sobre revisitar el Clean Code.,Java,IntelliJ,Quarkus,En 2005 con XMLBeans para desarrollar aplicaciones de intercambio de datos hoteleros.,En 2005 usando Netbeans como editor de codigo Java.,"Lo he hecho en el pasado, al proyecto Windup, un analizador estatico de codigo. Formaba parte de mi trabajo en Red Hat.","Ser usuario de ese proyecto, para entenderlo, y empezar por lo mas sencillo como tareas de documentacion, resolucion de bugs.","Si, por un gran amigo Jorge Hidalgo :)","De peque√±o era rubio y tenia el pelo largo, se que cuesta de creer pero es asi.... mi padre siempre me decia que me parecia a Schuster.... ;)","https://www.linkedin.com/in/jonathanvila , https://twitter.com/vilojona"
Roman Martin,"Soy Principal AppDev and Cloud-Native Architect en el equipo EMEA Solutions & Technology Practice en Red Hat. Mi funci√≥n principal es colaborar con equipos en la adopci√≥n de soluciones Cloud-Native de la forma m√°s efectiva, y ayudar en la modernizaci√≥n o migraci√≥n de soluciones sobre estos entornos, siempre basado en soluciones Open Source.

Soy un apasionado de la t√©cnolog√≠a, y principalmente de la creaci√≥n de soluciones de valor en entornos complejos. Me encanta poner en practica pr√°cticas y m√©todos del mundo Agile, y DevOps para crear equipos de alto rendimiento que sean auton√≥mos para crear soluciones.

Por otro lado, me encanta hacer deporte, y correr es una de las cosas que hago siempre que puedo.","Mi charla se centra en la presentaci√≥n de la Open Practice Library, una comunidad Open Soruce donde se comparten multitud de actividades, pr√°cticas, m√©todos sobre diferentes areas como Lean, Agile, DevOps, Human-Centered design y team building. Es un directorio con multitud de pr√°cticas muy utiles, alineadas con un Navegador (Mobius Loop), para ayudar a los equipos de producto a crear equipos y soluciones de la forma m√°s adecuada posible.

Como apasionado de la creaci√≥n de soluciones de valor, es importante saber y conocer que t√©cnicas o pr√°cticas son las mejores para el ciclo de descrubrimiento, o desarrollo de la soluci√≥n. Esta comunidad ofrece un cat√°logo increible, y como comunidad Open Source, abierto a aportar, colaborar, mejorar, las pr√°cticas desde la experiencia de otros equipos.",Visibilizar esta comunidad y conseguir que m√°s gente est√© dispuesta a compartir sus pr√°cticas y m√©todos para ayudar a otros.,"Java es mi lenguaje principal, aunque no hay lenguaje en que no podamos entendernos.","Me muevo entre IntelliJ para Java, y VSCode para otras cosas (Ansible, Node.JS, Angular, Documentation, ...)","No podr√≠a vivir sin multitud de proyectos Open Source, son la base de mi dia a dia, ... mi lista es larga, pero podr√≠a recomendar Strimzi (operador de Kafka para k8s), Apicurio (y todas sus variantes para la gesti√≥n de APIs), Microks (API Mock and testing), Quarkus (Java Framework), ...","Compilar y preparar mi distribuci√≥n Linux para mi primer PC 386 ... divertido, doloroso, maravilloso ...",Llevo usando distribuciones Linux desde la universidad ... ah√≠ comenz√≥ mi aventura en el software libre.,"Si, por supuesto. Lo hago por convinci√≥n de que es la forma de mejorar las cosas, cuando sumamos la inteligencia colectiva de la comunidad. Adem√°s tengo la suerte de trabajar en una empresa que lo permite, potencia, y necesita ... ya que es la base de todo.","No s√© si hay uan forma mejor o peor, pero en mi caso suelo entrar siempre en modo ""usuario"" consumiendo lo que se ofrece, usandolo, y reportando cosas que voy encontrando (errores, mejoras). En ese camino suelo comenzar con ciertas contribuciones a la documentaci√≥n (con gaps que suelo ver). El tiempo y dedicaci√≥n me permitir√° avanzar en las contribuciones con cosas m√°s complejas (incluyendo c√≥digo).","No, esta vez ser√° mi tercera vez. Encantado de venir de nuevo por aqu√≠.","Me encantaba ir al pueblo de mis abuelos (que sigo haciendo), una aldea en la Sierra de la Culebra en Zamora, y ayudar en los temas de los animales. Era un peque√±o ganadero ... era muy feliz.","https://twitter.com/jromanmartin, https://github.com/rmarting/, https://www.linkedin.com/in/jromanmartin/, https://blog.jromanmartin.io/"
Francisco Ramirez,"Soy Francisco Ramirez Bonilla, Ingeniero en Informatica por la Universidad de Malaga. Actualmente trabajo como Quality Architect en TheWorkshop. Tengo 20 a√±os de experiencia en IT y 15 de ellos en roles relacionado con la Calidad del Software. Me encanta el deporte, viajar y disfrutar de la naturaleza con mi familia. ","Hablaremos y veremos con ejemplos como podemos usar el framework open source Pact.io para el contract testing entre aplicaciones web y microservicios independientemente del lenguaje de programacion en el que esten desarrollados. 
Este tipo de testing ayuda a prevenir fallos en el software mas que encontrarlos una vez desarrollado por lo que va en la linea de lo que promociona el Agile Testing. ",Que vean los beneficios que trae esta forma de testing y tengan una referencia por si quieren iniciar su implementacion. ,Java,IntelliJ,GNU y Linux,Linux,Linux,No,"Para mi el feedback es basico para mejorar. Asi que dando feedback sobre el proyecto es una de las principales formas de aportar. Desde el punto de vista de usuario, podemos detectar que aporta mas valor a la comunidad. ","Si, lo conoci por compa√±eros de trabajo.",Siempre he sido bastante timido y no demasiado trasto. Me encantaba jugar con piedras de la playa a las chapas. Las piedras eran las chapas (jugadores) y el balon. ,https://www.linkedin.com/in/francisco-ram%C3%ADrez-bonilla-74829550/
Estefan√≠a R√≠os,Soy Technology Architec y Scrum Master. Me gusta la m√∫sica rock y el yoga.,,Que no hay que tener miedo al dar los primeros pasos en cualquier tecnolog√≠a,,,,,,,,"Es mi primera vez como poenente, pero he asistido a las actividades en los √∫ltimos a√±os.",,https://www.linkedin.com/in/estefan√≠a-r√≠os-897037213/
Victor Suarez,"Ingeniero inform√°tico por la UAL que siempre esta tratando de aprender y preparando o dando charlas. Adem√°s, colabora con distintas comunidades para promover actividades como charlas o eventos.","En mi charla hablar√© sobre un proyecto libre tanto a nivel hardware, como a nivel software. En este caso, hablaremos sobre el proyecto Durango. Un ordenador de los a√±os 80... pero del siglo 21.",Me gustar√≠a que la audiencia conozca el proyecto y pueda contribuir al mismo,java o Python,VS Code,Habr√≠a varios; pero diria los relacionados con el ecosistema Java,Sobre todo la utilizaci√≥n de herramientas como arduino que fue donde pude empezar a conocer a m√°s gente relacionado con el mundillo libre,Yo dir√≠a que el unirme a la comunidad HackLab Almer√≠a,Aunque no contribuyo a grandes proyectos si que trato de ofrecer proyectos que la gente pueda usar ya que tengo varios side projects que son libres y que cualquiera puede controbuir,Ayudar con la documentaci√≥n o ir poco a poco,Ser√° la primera vez como ponente aunque estuve apuntado para el 2020 para dar un taller de mega drive (aunque no pudo ser por el COVID),Mecano,https://twitter.com/zerasul https://www.durangoretro.com
Ricardo Carrillo Cruz,Soy Principal Software Engineer en Red Hat. Soy miembro del equipo de productizaci√≥n de Ansible y nos encargamos de productizar todos los productos y offerings de Ansible.,Podman y Ansible,Conocer gente,Python y Go,Vim,Vim,Cambiar Windows 95 en mi ordenador por Linux,Cambiar Windows 95 en mi ordenador por Linux,Compartir conocimiento ,Bloggear sobre un caso de uso,No,He-Man,https://www.linkedin.com/in/ricardo-carrillo-cruz-6b78997
Crist√≥bal Escobar,"Crist√≥bal Escobar 
46 a√±os (30 a√±os en San Salvador y 16 en Madrid)
Strategic Marketing Director/ Business Development at Ortus Solutions, Corp
Soy un Curioso empedernido
Firme creyente en el poder de la educaci√≥n y la tecnolog√≠a para transformar el mundo
Me encanta la gente que te descubre libros, canciones y carcajadas
Me gusta pensar que tengo mucho sentido del humor

","Comprensi√≥n de los clientes y generaci√≥n de conocimientos en el mundo del c√≥digo abierto

Aprender sobre la naturaleza de los conocimientos del cliente a trav√©s de los datos sociales y c√≥mo mapear la experiencia del cliente es imprescindible para cualquier persona interesada en tener un proyecto exitoso hoy en d√≠a.",Sensibilizar sobre la importancia del concepto y ayudar a la comunidad a pensar en formas para conseguirlos,CFML,bluefish,ColdBox,Ares Galaxy descargando m√∫sica,Ortus Solutions,"Si, porque el software libre puede ser una maravillosa v√≠a de desarrollo para entornos y pa√≠ses donde hay pocas oportunidades. Podemos llegar donde nadie mas llega, pero lo mejor de todo es la forma de hacerlo, no regal√°ndole peces a la gente, sino ense√±√°ndoles a pescar.",Buscando soluciones reales a los problemas de la gente.,"Si, a trav√©s de RRSS","
Cu√°ndo era ni√±o, tenia mi ropa favorita eran 2 disfraces de Superman. 
2 porque mi madre tenia que tener uno seco mientras lavaba el otro!","https://www.linkedin.com/in/cristobalescobarh/
https://www.linkedin.com/company/ortus-solutions-corp/mycompany/?viewAsMember=true
https://twitter.com/ortussolutions
https://www.facebook.com/ortussolutions"
Patri Serrano,Desde hace algunos a√±os formo parte del equipo de Arquitectura y DevOps de Accenture Tecnology. Me encanta la m√∫sica y disfrutar de mi familia haciendo todo tipo de actividades.,Hablaremos de nuestros primeros pasos con Spring Native. Veremos una introducci√≥n donde ense√±aremos los primeros pasos para construir im√°genes nativas de GraalVM a partir de un proyecto Spring. ,"Mi objetivo estar√≠a cumplido si a alguien sin ning√∫n tipo de experiencia con Spring Native, aunque fuera solo una persona, le sirviera nuestra corta experiencia para animarse comenzar a cacharrear con Spring Native.",Java,Eclipse,Git,,,,,"Si, es mi primera vez. Os conoc√≠ por compa√±eros de trabajo ","De peque√±a era bastante trasto, no paraba quieta ni un momento.",-
Juantom√°s Garc√≠a,"De Madrid, ahora haciendo Tech Evangelist en SNGULAR. Super fan software libre y la AI. En mi tiempo libre cocino y hago MagIA","Explicar√© algunos conceptos de Inteligencia Artificial usando magia con cartas (bueno y con pan bimbo ahh y con algo de hipnosis). 
¬øPor que doy esta charla? por qu√© ten√≠a que salir de mi zona de confort y quer√≠a seguir explicando y divulgando Inteligencia Artificial.",,Python aunque C siempre tendr√° mucho peso!!,vim ,Linux,linux y fu√© en el siglo pasado,Hispalinux,necesito poner mi granito de arena a un proyecto tan inmenso como es el software libre y que me ha dado tant√≠simo.,"Abrir una cuenta en girhub y empezar a publicar tu c√≥digo, a hacer forks de proyectos para aprender de otros y por supuesto hacer PR aunque sean tan sencillos como documentaci√≥n, resolver peque√±os bugs o apoyar a la comunidad. ",por un CFP que ya no recuerdo el origen,"too much long ago. Soy de Usera, mucho tiempo jugando en la calle.  Una bici fu√© mi mejor regalo.","homepage: http://www.juantomas.net
linkedin: https://www.linkedin.com/in/juantomasgarcia/
slideshare: https://es.slideshare.net/juantomas
medium: https://www.medium.com/@juantomas
videos: http://www.juantomas.net/entrevistas-videos
GitHub: https://github.com/bazarum
youtube: https://www.youtube.com/c/JuantomasGarcia
"
Nekmo,"Mi nombre es Juan Jos√©, aunque todos me conocen como Nekmo, y llevo casi toda la vida en el mundillo del software libre. Mi lenguaje predilecto es Python, en el cual desarrollo tanto por ocio como profesionalmente. Trabajo sobre todo con Django, el cual conozco desde sus primeras versiones, pero tambi√©n me defiendo en sistemas GNU/Linux y otras tecnolog√≠as de este mundillo como Docker, Ansible o Kubernetes. Tambi√©n me gusta el desarrollo frontend (Angular) pero experimento en casi todos los √°mbitos del software libre, como dom√≥tica (Homeassistant) o microcontroladores (Micropython).","""mitmproxy: ataques MitM con Python"" es tanto una charla introductoria a mitmproxy y su uso con Python como a la seguridad inform√°tica, ahondando en conceptos como los proxies, el cifrado TLS o los ataques MITM. Tras trabajar casi 5 a√±os en el √°mbito de la seguridad inform√°tica y utilizar esta herramienta, he cre√≠do interesante darla a conocer para todos aquellos interesados en este mundillo. Si no te interesa la seguridad, tambi√©n puedes encontrarle usos como herramienta de testing y mucho m√°s. Seguro que un uso le encuentras.","Si consigo levantar aunque sea el inter√©s por mitmproxy o por los conceptos de la seguridad inform√°tica que tratar√© durante la charla, creo que ya me podr√© dar por satisfecho. 45 minutos no dan para tanto, por lo que intentar√© que al menos sea amena, con varias demostraciones pr√°cticas.","PHP. Es broma, Python.","PyCharm. Aunque sea privativo, le sigo queriendo.",Python (¬°de nuevo!).,"Es complicado decir... pero dir√≠a que a los 11 a√±os, instalando Ubuntu (¬°y casi provocando una cat√°strofe!). A partir de ah√≠ estuve aprendiendo sobre software libre, pele√°ndome con drivers (¬°cu√°ntos quebraderos de cabeza me dio mi ATI!) y aprendiendo programaci√≥n.","El primer contacto, un familiar que me habl√≥ sobre el tema y me provoc√≥ mucha curiosidad. Ped√≠ unos CDs de Ubuntu (¬°con unas pegatinas maravillosas!) y de ah√≠ a empezar.","S√≠, tengo un Github (mi usuario es Nekmo) con bastante proyectos a los que contribuyo con muy poco tiempo. Utilizo en el d√≠a a d√≠a software libre, y creo que lo m√≠nimo es intentar contribuir con tu granito de arena, ayudando a que crezca y llegue a m√°s gente.","Por suerte a d√≠a de hoy cada vez es m√°s f√°cil. En el listado de incidentes del proyecto suele haber mucho trabajo por hacer. Escoge un incidente (puede ser uno sencillo, como un trabajo de documentaci√≥n) y haz tu primer ""Pull request"". La mayor√≠a de veces la comunidad te recibir√° con los brazos abiertos.","No, no es primera vez, he asistido a casi todos los que se han organizado, y contribuido a alguno de ellos. ¬°Es un placer estar aqu√≠ de nuevo!","Siempre me ha encantado la tecnolog√≠a y la ciencia ficci√≥n, desde los dibujos que ve√≠a, los libros que le√≠a... Quer√≠a un ordenador desde que tengo memoria, hasta el punto de crear el m√≠o propio usando papel, pegamento y rotuladores. Con 7 a√±os ya pude tener mi primer equipo, un Pentium II, con el cual jugu√© bastante, y poco despu√©s ya pude empezar a trastear sobre el desarrollo web usando FrontPage. ¬°Eran tiempos oscuros!",https://github.com/Nekmo https://twitter.com/nekmocom
Rafa Molina,"Trabajo como Arquitecto de tecnolog√≠a Software en Accenture, con m√°s de 13 a√±os de experiencia en desarrollo de soluciones y consultor√≠a. Centrado en aplicaciones empresariales web (Vaadin), en la nube (AWS) y Java (Spring)
Cuando no estoy trabajando, intento ir a practicar deporte. Me encanta el mar y la nataci√≥n sobre todo en aguas abiertas.","La charla estar√° centrada en el framework open-source para el desarrollo de aplicaciones web en java.
Eleg√≠ este tema porque para muchos desarolladores backend que no pueden estar al dia de los avances del desarrollo frontend y Vaadin te facilita esta tarea sin necesidad de javaScript.",Los asistentes conozcan las  ventajas de usar Vaadin y que puede ser una herramienta muy v√°lida en aplicaciones empresariales,Java,Visual Studio Code,Vaadin,,,,,No,,@cloud4dev
Aurea Mu√±oz,Ingeniera de software desde 2005 siempre en el ecosistema java. Ahora me dedico a la integraci√≥n de la tecnolog√≠a Spring Boot con el portfolio middleware de Red Hat y contribuyo en Quarkus. Entre mis motivaciones se encuentran la mejora de la experiencia del programador y contribuir activamente al desarrollo de las mejores pr√°cticas del ma√±ana.,Quarkus. Lo eleg√≠ porque creo que es importante conocer este framework en la era de las aplicaciones Cloud Native,Que se animen a probar Quarkus y a considerarlo como soluci√≥n en sus proyectos. Tambi√©n tener feedback para seguir mejorando la experiencia.,Java,IntelliJ,Dekorate,Dekorate,Dekorate y Quarkus en Red hat,Tengo la suerte de cobrar por ello. En mi trabajo contribuyo a proyectos opensource,"Hay muchas, sobre todo animarse y empezar quiza por la documentaci√≥n/tests.",S√≠. Os conoc√≠ por Jorge Hidalgo con quien estoy en contacto a traves de un grupo de JUGs.,"Com√≠a fatal pero era bastante tranquila, me aburr√≠a como una ostra porque no tengo hermanos. Me gustaba mucho pintar y todo lo relacionado con las papeler√≠as.","https://twitter.com/auritamh, https://www.linkedin.com/in/aureamunozhernandez/?locale=es_ES"
Jaime Salas,"Soy desarrollador de software, centrado en el stack de JavaScript. Soy tambi√©n docente en Lemoncode. Mis aficiones: comics, deportes en general.",Hablar√© sobre los Micro Frontends. Eleg√≠ el tema porque llevaba tiempo trabajando con ello y consideraba que ser√≠a interesante compartir la experiencia con otros. ,Que empaticen con las decisiones tomadas en mi camino por los Micro Frontends,JavaScript,VSCode,Kubernetes,Las librer√≠as de front en JavaScript,"Supongo que en la Universidad, cacharreando aqu√≠ y all√°... ",A trav√©s de los repos de Lemoncode la gran mayor√≠a de ellos son p√∫blicos.,"Supongo que depende de cada uno, pero los issues m√°s simples me parecen los m√°s adecuados, para poder ir recibiendo feedback.","No. Os conozco pr√°cticamente desde la primera edici√≥n, alguno de los organizadores es conocido. ","Ten√≠a un X-Wing que me encantaba. Siempre he sido un gordo, la comida me chifla.",https://twitter.com/salasz_jaime?lang=en
Adrian Tineo,"Soy doctor en inform√°tica de formaci√≥n e ingeniero del software de profesi√≥n, con √©nfasis en el desarrollo m√≥vil y las soluciones de producto de machine learning. Soy organizador de las comunidades de M√°laga AI y MalagaMobile.",Modelos open source de IA. Un tema muy actual y de gran relevancia para todos los sectores y profesionales.,,,,,,,,,,,"https://www.linkedin.com/in/adriantineo/
https://mastodon.social/@atineoSE"
Jes√∫s Narbona,"¬°Hola! Soy Jes√∫s, soy desarrollador web desde no hace m√°s de dos a√±os. Me apasiona aprender cosas nuevas y siempre estoy buscando oportunidades para mejorar mis habilidades. Me encanta asistir a eventos y quedar con amigos en mi tiempo libre. Adem√°s, soy un amante de los animales y tengo 4 perritos a los que cuido y alimento con cari√±o. Estoy comprometido en seguir creciendo en mi carrera y disfrutando de cada momento de la vida.","Voy a hablar sobre el framework de javascript Vue, la charla va a ser muy b√°sica para que todo el mundo pueda interesarse por aprender y tener unos conocimiento b√°sicos para poder empezar a crear proyectos con Vue. En la charla explicar√© desde 0 hasta algo m√°s avanzado conceptos y terminos de Vue.",Me gustar√≠a que las personas que asistan a la charla puedan llevarse unos conocimiento solidos como para poder investigar o crear sus propios proyectos.,Javascript,Vscode,Vue? tampoco como para no poder vivir,"Contibuyendo, en hacktoberfest","Contibuyendo, en hacktoberfest","Si, no activamente pero si que lo hago y lo veo una buena forma de aprender. Mi motivaci√≥n es aparte de entrar en contacto con otros proyectos distinto a los tuyos es ayudar y aportar tu granito de arena para poder hacer creecer un proyecto.",,"Si, es mi primera vez. Por eventos y distintas comunidades os llegu√© a conocer",No se que responder aqui üòÇ,https://www.linkedin.com/in/jesusnarbona/ https://twitter.com/im_only_yisus https://twitter.com/VuejsMalaga
Ra√∫l Aguilar,Soy un chico que pese a estar terminando los estudios cuenta con varios a√±os en el mundo de la programaci√≥n. En mis ratos libres me gusta jugar a videojuegos o a baloncesto.,"Durante mi charla veremos qu√© es Nuxt, un framework basado en Vue que promete bastante. Lo eleg√≠ por la gran cantidad de opciones √∫tiles que nos trae a los desarrolladores.",Principalmente que se de a conocer la comunidad de Vue Malaga y Vue como una buena alternativa a otros frameworks para frontend,TypeScript,Visual Studio Code,,,,"Si, principalmente el hecho de saber que puedo participar en proyectos que mucha gente usa y ayudar a mantenerlos/mejorarlos ",,"Si, me enter√© de este evento un d√≠a que me sali√≥ un tweet del evento yendo de camino a clases",,"- Twitter: https://twitter.com/raulwwq0
- LinkedIn: https://www.linkedin.com/in/raulaguilargarcia"
Roberto Mich√°n S√°nchez (Roboron),"Soy desarrollador de software en una empresa malague√±a, y estudiante de ingenier√≠a de software. Aparte del software libre, me gusta leer, ver series o pel√≠culas, o jugar videojuegos. Aficiones nunca me faltan, lo que siempre me falta es tiempo.","Hablar√© de las redes sociales libres. Escog√≠ este tema porque suele estar ausente en los eventos de software libre, y porque en el √∫ltimo a√±o han atra√≠do el inter√©s de muchas personas - incluso de las que no estaban familiarizadas con el software libre.","A aquellos que a√∫n no usen las redes sociales libres, que las descubran y descubran tambi√©n sus ventajas frente a las redes privativas. A los que ya las usen, que conozcan mejor su funcionamiento y los retos a los que se enfrentan.","Typescript y Python son mis favoritos, pero no le hago ascos a ninguno.","Neovim para proyectos simples, VS Code para proyectos m√°s complejos.","Zim, la wiki de escritorio. Mi vida cambi√≥ cuando empec√© a usarlo, y desde entonces no me puedo imaginar c√≥mo organizar√≠a mi vida sin √©l.","Mi primera experiencia con el software libre se dio a trav√©s del ""homebrew"" que los aficionados programaban para la consola Nintendo DS. Me interes√© en estos peque√±os programas (que a menudo eran software libre) y aprend√≠ un poco de programaci√≥n por mi cuenta para hacer algunos, aunque en ese entonces no sab√≠a qu√© era eso del software libre.","Siempre he sido una persona curiosa que gusta de probar cosas nuevas. Buscando una forma de reutilizar un viejo ordenador que hab√≠a por casa, descubr√≠ que hab√≠a un sistema operativo que era capaz de darle una nueva vida a m√°quinas viejas llamado ""Debian"". Lo instal√©, y ah√≠ fue cuando empez√≥ mi pasi√≥n por el software libre.","S√≠, cuando puedo contribuyo con c√≥digo, traducciones, o documentaci√≥n. Mi principal motivaci√≥n no es otra que mejorar el software que yo mismo uso, pero hacerlo m√°s accesible para que otras personas puedan usarlo y beneficiarse de √©l. Esta es una de las razones por las que comenc√© el servidor de Mastodon, por ejemplo.","Escoge algo que quieras mejorar (alg√∫n cambio peque√±o, nada ambicioso, pero que mejore tu uso) y hazlo. Tal ves pienses que no tienes los conocimientos y la capacidad suficiente para hacerlo, pero si no lo intentas sinceramente, nunca ser√°s capaz. Y recuerda que siempre puedes pedir ayuda si la necesitas; en los proyectos de software libre sus participantes suelen estar encantados de ayudar a los interesados a comenzar.","No, estuve hace unos a√±os y asist√≠ a algunas charlas (recuerdo una sobre el kernel de GNU Hurd), pero s√≠ es mi primera vez como ponente. No recuerdo como conoc√≠ OpenSouthCode, probablemente fue alguna publicaci√≥n en redes.","De peque√±o, aparte de jugar con consolas, tambi√©n me gustaba mucho jugar con piezas de LEGO. Quiz√°s por eso hoy me gustan tanto las distribuciones Linux estilo ""h√°ztelo t√∫ mismo"" como Arch Linux :-)","https://im-in.space/@Roboron
https://masto.es/@rober"
Miguelio,"Trabajo como desarrollador web, hago m√∫sica, me gusta la electr√≥nica, las tecnolog√≠as, manualidades y creo teclados mec√°nicos √∫nicos.","Hablar√© sobre los teclados mec√°nicos partiendo por el hardware, componentes, creaci√≥n de PCB y la importancia de usarlos para evitar enfermedades profesionales, continuando con el software, conocimientos de dispositivos HID, ventajas para desarrolladores y como programarlos con qmk firmware open source, eleg√≠ este tema porque me apasiona.","Despertar la curiosidad, dar a conocer el nicho, mostrar sus ventajas frente a teclados comerciales de membrana y concienciar a las personas que trabajan con el ordenador de la importancia de cuidad sus manos.",JavaScript,VS Code,TypeScript,De peque√±o pude instalar linux desde un cd que regalaban en una revista.,"Mi primer contacto fue con linux y sus programas, gimp, lmms, open office, etc","Si, contribuyo en los reprositorios de qmk y zmk firmware, tambi√©n he creado algunos repositorios con frameworks y aplicaciones; Compartir para agradecer, ofrecer mejoras y formar parte de proyectos de tecnolog√≠as que me gustan.",Resolver alg√∫n bug conocido.,"Si, por medio de un amigo.",Un tito me regal√≥ un ordenador amstrad en negro y verde que funcionaba con cintas de banda magn√©tica como las de la m√∫sica y varios juegos que tardaban mucho en cargar. Cuando me regalaban alg√∫n aparato siempre esperaba ancioso a que mis padres se olvidaran de √©l para desmontarlo y ver que ten√≠a dentro. Siempre he sido tranquilo y calmado aunque nunca he parado quiero haciendo travesuras varias.,"https://www.instagram.com/migueliokeyboards/
https://www.youtube.com/channel/UCWFK3V9KBGEB8b5b5_w8N9Q
https://miguelio.com/"
Jos√© Mar√≠a Guti√©rrez,"Soy Technology Architect en Accenture y defensor de DevOps como sistema de trabajo. Me gusta disfrutar de mi familia, ver pelis y alguna serie.","De forma breve, me gustar√≠a mostrar que a veces hay que plantearse estrategias diferentes para poder mantener un proceso de mejora continua en una arquitectura de CI sin comprometer la implantaci√≥n de dicha arquitectura, sobre todo cuando se trabaja en entornos empresariales.","Fundamentalmente, que los asistentes vean que no siempre el camino est√°ndar es el √∫nico que se puede seguir y que se pueden pensar en mecanismos que, fuera de lo convencional, aporten valor.",Java ha sido siempre lo m√≠o. Ahora groovy est√° en mi d√≠a a d√≠a.,Siempre fue Eclipse pero desde un tiempo a esta parte lo m√≠o es VSCode.,"No podr√≠a decir que no podr√≠a vivir sin un proyecto de software, ni libre ni propietario. Pero por coherencia, dir√© Jenkins.",No puedo recordar eso. Han pasado ya demasiados a√±os.,"Idem a la pregunta anterior. Yo creo que desde que estoy en este mundillo, siempre he estado intentando encontrar proyectos abiertos que me aportasen.","Aunque no soy un contribuidor constante, cuando encuentro algo en lo que puedo aportar y est√° a mi alcance, por tiempo y por conocimiento, intento hacerlo. La motivaci√≥n, intentar poner un grano de arena en el trabajo que muchas otras personas est√°n haciendo y que est√° ayudando a tantos otros.","Para empezar, cualquier aportaci√≥n, aunque sea peque√±a, como aportar algo de documentaci√≥n o ayudar a mejorarla, resolviendo alg√∫n typo o alg√∫n link roto. S√≥lo eso, ya es una buena forma de empezar. Sugerencias, issues identificadas, tambi√©n son una aportaci√≥n valiosa para un nuevo contributor.","No es la primera, con esta ya van 4 como ponente, aunque es la segunda en solitario.","Mi infancia estuvo muy alejada de este mundo del software, aunque con 13 a√±os aprend√≠ a programar en Basic, no tuve ordenador de ning√∫n tipo hasta llegar a la facultad, as√≠ que, mis juegos eran m√°s al aire libre.","Twitter: @J_M_Gutierrez
Github: @TheTechOddBug
Linkedin: https://www.linkedin.com/in/josemariagutierrezr"
To√±i Quintana,"Desarrolladora Front-End en Accenture. 
Me encanta la m√∫sica, los maratones de series y el yoga. ","Modelos de renderizado web. Era un tema del que conoc√≠a poco y que iba dejando, y pense que seria una buena manera de ponerme al d√≠a con el. ",Que quedaran claros los conceptos que quiero transmitir,Javascript,Visual Studio Code,React,Apache y php,,,,"A traves de mi empresa, Accenture","Mi juguete favorito era mi triciclo, me encantaba :D",https://es.linkedin.com/
Didac Oliveira,"‚Äì Cofundador y mantenedor del proyecto DRLM y experto en dise√±o e implementaci√≥n de sistemas TI.

Didac Oliveira es un entusiasta del open source y los est√°ndares abiertos desde sus d√≠as de instituto. Ha contribuido a algunos proyectos open source como cfg2html relax-and-recover y DRLM. Cree en la perseverancia, la creatividad, la honestidad, la eficiencia y el trabajo en equipo para conseguir los objetivos en la vida y en lo profesional.

Acumula conocimientos y experiencia en su carrera profesional en:Sistemas GNU/Linux y UNIX, Alta Disponibilidad, Virtualizaci√≥n y Recuperaci√≥n de Desastres entre otros. 

Didac ha sido ponente en algunos conocidos eventos open source como FOSDEM (Brussels), OpenExpo (Madrid), OSBConf (Cologne) e OpenSouthCode (M√°laga).Tambi√©n es socio y cofundador de Brain Updaters empresa de consultor√≠a IT focalizada en proporcionar soluciones Open Source de calidad.

Contribuciones a proyectos Open Source:

‚Äì Disaster Recovery Linux Manager (DRLM): https://github.com/brainupdaters/drlm
‚Äì Relax & Recover (ReaR): https://github.com/rear/rear
‚Äì Cfg2html: https://github.com/cfg2html/cfg2html",Sobre la gestion de copias de seguridad de y de sistemas GNU/Linux,Dar a conocer mejor el proyecto,Bash,Vim,,En los a√±os de instituto instalando Debian en el PC de casa.,,,teniendo una necesidad en la que no encuentras una soluci√≥n que se ajuste a tus requisitos,No,,https://www.linkedin.com/in/didacoliveiragarcia
Marta Flores Garc√≠a,"Soy Marta Flores, vivo en M√°laga y realic√© los estudios de Ingenier√≠a de la Salud menci√≥n biom√©dica en la Universidad de M√°laga.
Actualmente, desde hace m√°s de dos a√±os y medio, soy analista en ciberseguridad dentro del equipo de Accenture. Empec√© a interesarme por el mundo de la ciberseguridad hace unos a√±os y a d√≠a de hoy, mi objetivo es seguir creciendo y form√°ndome en este √°mbito tan cambiante, que me apasiona y que necesita tanta capacidad de adaptaci√≥n y renovaci√≥n de conocimientos continua.","Hablaremos de an√°lisis din√°mico (DAST), concretamente de la herramienta OWASP ZAP. Actualmente, este tipo de an√°lisis es de los m√°s complejos y es necesario usar algunas herramientas de apoyo para poder realizarlo de una manera m√°s exhaustiva.",Me gustar√≠a que la audiencia tuviera claro los conceptos b√°sicos del an√°lisis din√°mico y aprendan un uso b√°sico de esta herramienta.,Python,Visual Studio Code,Dependency-Check,7zip,7zip,"Si, ya que puede proporcionarnos funcionalidades muy similares y obtener resultados muy semejantes a uno de pago.",Conocer las necesidades,"Si, mediante mi responsable de equipo.",,https://www.linkedin.com/in/marta-flores-garc%C3%ADa-5510a8171/
Claudia Perdiguero L√≥pez,"Hola! mi nombre es Claudia Perdiguero L√≥pez y soy ingeniera de Sistemas de Telecomunicaci√≥n. Nac√≠ y crec√≠ en M√°laga, lugar en el que actualmente desarrollo mi profesi√≥n. Durante mi carrera, he tenido la oportunidad de trabajar en diversos proyectos, lo que me ha permitido desarrollar habilidades como la seguridad de aplicaciones entre otras. Me apasiona todo el mundo de la ciberseguridad, an√°lisis de vulnerabilidades, mitigaci√≥n de riesgos, revisi√≥n de c√≥digo, etc... Adem√°s de mi trabajo en seguridad, tengo inter√©s por el mundo de la programaci√≥n y es algo a lo que le dedico parte de mi tiempo libre!!",Hablaremos de an√°lisis din√°mico concretamente con la herramienta OWASP ZAP. Actualmente este tipo de an√°lisis es uno de los m√°s complejos y es necesario usar alguna herramienta de apoyo para poder realizarlo de una manera m√°s exhaustiva.,Que posteriormente tengan claros los conceptos del an√°lisis din√°mico y aprendan un uso b√°sico de esta herramienta.,Python,Visual Studio Code,Dependency Check,7zip,7zip,"s√≠, ya que puede proporcionarnos caracter√≠sticas similares a uno de pago.",Conocer las necesidades.,"s√≠, por compa√±eros del equipo.",,https://www.linkedin.com/in/claudia-perdiguero-l%C3%B3pez-1a17084b/
MisterWh1t3,"Soy MisterWh1t3, apasionado de la ciberseguridad y las nuevas tecnolog√≠as, soy el fundador de la Comunidad de Hacking √âtico en Espa√±ol.

Actualmente soy coordinador de Formaci√≥n en Hispasec, y el organizador principal del congreso de Ciberseguridad UAD360.

Adem√°s suelo dar charlas, talleres, etc... para concienciar sobre los riesgos de la ciberseguridad tanto para usuarios como para empresas, adem√°s de impartir talleres de Hacking √âtico.
","En la charla, abordar√© el mito en torno al Flipper Zero, un dispositivo de c√≥digo abierto, y destac√≥ que su impacto depender√° de qui√©n lo utilice. Analizo sus posibles usos tanto para el mal como para el bien, resaltando su potencial para actividades maliciosas y su capacidad para fortalecer la seguridad inform√°tica y promover la investigaci√≥n en ciberseguridad. En una comparativa , exploro los riesgos asociados con un mal uso y los beneficios de su aplicaci√≥n responsable. Mi objetivo es desafiar el mito y fomentar una comprensi√≥n equilibrada de este dispositivo multifac√©tico que puede influir tanto de manera negativa como positiva en el √°mbito de la seguridad digital.",Generar conciencia y promover una comprensi√≥n equilibrada sobre el tema en cuesti√≥n. Con una perspectiva clara y ejemplos concretos que permitan a los asistentes reflexionar y tomar decisiones informadas. Y no dejarse intimidar o seducir por el mito en torno al Flipper Zero.,Python,Pycharm,GNU/LINUX,Guadalinex,Guadalinex,"En cierto modo, a trav√©s de ponencias, charlas y talleres. (No desarrollando) ","Unirse a una comunidad o proyecto, familiarizarse con el mismo, comenzar con tareas o proyectos peque√±os, aprender de otros colaboradores, colaborar todo lo que puedas y sobre todo ser constante y comprometido.","S√≠, me lo recomend√≥ Fernando Ram√≠rez, CEO de Hispasec.","Como autodidacta apasionado por las nuevas tecnolog√≠as, recuerdo con gratitud c√≥mo mi padre me regal√≥ mi primer ordenador de sobremesa a los 9 a√±os. Sin embargo, antes de encenderlo, ya lo estaba desmontando. Desde entonces, siempre he sentido una necesidad imperiosa de comprender c√≥mo funcionan las cosas. A los 11 a√±os, escrib√≠ mi primer programa en BASIC, que era muy b√°sico, pero me permiti√≥ descubrir un mundo fascinante lleno de enormes oportunidades.

Fue durante mi adolescencia que comenc√© a interesarme seriamente en la ciberseguridad. En ese entonces, ganaba humildemente mi sustento desarrollando p√°ginas web para peque√±as empresas. Un d√≠a de septiembre, recib√≠ la llamada de un cliente bastante molesto porque su sitio web se ve√≠a en blanco. Despu√©s de investigar el problema, descubr√≠ horrorizado que hab√≠an ""tumbado"" el servidor donde alojaba m√°s de 30 sitios web, el cu√°l reprensentaba todo mi trabajo.

Por supuesto, rehice cada uno de los sitios web sin coste alguno para mis clientes, pero me promet√≠ a m√≠ mismo que la pr√≥xima vez no se lo pondr√≠a tan f√°cil.

Este incidente me motiv√≥ a sumergirme en la ciberseguridad y el hacking √©tico. A trav√©s de a√±os de estudio y trabajo duro, dediqu√© todo mi tiempo a este fant√°stico mundo, y hoy no solo gano mi sustento en este campo, sino que tambi√©n tengo la oportunidad de compartir mi conocimiento y experiencia con otros a trav√©s de charlas, conferencias, eventos y cursos de formaci√≥n en Ciberseguridad y Hacking √âtico.",https://twitter.com/home   |    https://www.twitch.tv/mister_wh1t3   |   https://www.youtube.com/@ComunidadHackingEtico   |    https://t.me/HackingEticoEs
Perdy y Miguel (Vortico),"Somos un equipo especializado en el campo de Inteligencia Artificial e Ingenier√≠a de Software, y nuestro principal objetivo es ayudar a empresas de cualquier tama√±o a desarrollar soluciones robustas basadas en IA, as√≠ como 

Nuestras aficiones incluyen un amplio rango de actividades deportivas y sociales. Entre otras compartimos nuestra aficci√≥n por la cocina mediterranea tradicional, los deportes de invierno y nuestra pasi√≥n por el software libre, entre otras.","El taller est√° dedicado principalmente a mostrar la sencillez de poner un modelo de Machine Learning en producci√≥n con Flama.

La raz√≥n de elegir este tema se debe a que la puesta en producci√≥n de modelos ML es un cuello de botella recurrente en la industria. Esto se debe mayoritariamente a la falta de conocimiento experto del √°mbito de la ingenier√≠a de software dentro de los equipos de desarrollo de ML, y vice versa.","Mostrar c√≥mo Flama da una soluci√≥n pr√°ctica y sencilla al problema de la puesta en producci√≥n de un modelo de Machine Learning. Adem√°s, compartir una serie de buenas pr√°cticas a la hora de realizar este proceso.

Nos gustar√≠a darle la m√°xima difusi√≥n posible a este framework ya que consideramos que puede ser de utilidad para gran parte de la industria.",Python,Vim,"Son demasiados: Linux, Vim, Python, Poetry, Pyenv, Scikit Learn...",Linux,Linux,S√≠. Las dos principales motivaciones ser√≠an mantenernos al d√≠a con las tecnolog√≠as mas actuales y contribuir a esos mismos proyectos para que sigan creciendo y ayuden a m√°s gente.,"Lo principal es comenzar usando el propio proyecto, para poder identificar posibles mejoras o arreglos. Uno de los puntos de partida m√°s usual suele ser mejorar o actualizar la propia documentaci√≥n del proyecto. Si bien es cierto que hay diferentes issues dentro de los repositorios marcados como accesibles para novatos.","No, hemos asistido a todas las ediciones como oyentes.",,https://www.linkedin.com/company/vortico-tech/
Nacho Cougil,"Soy un Ingeniero de software de Barcelona, fan de las pr√°cticas de eXtreme Programming (XP) y que ha estado trabajando con Java y otras tecnolog√≠as web antes del efecto 2000. He hecho (casi) de todo en el mundo tech: 'chico-para-todo', desarrollador, jefe de equipo, jefe de proyecto y CTO y he trabajado en empresas de muchos sectores: energ√≠a, comercio electr√≥nico, startups (alg√∫n unicornio) consultor√≠a tecnol√≥gica y de monitorizaci√≥n de aplicaciones. Ahora trabajo como Ingeniero Principal en Dynatrace desarrollando software para monitorizar otras aplicaciones y el a√±o pasado fue nombrado Java Champion. 
Siempre preocupado con preguntas como ""¬øC√≥mo funciona?"" y ""¬øC√≥mo podemos hacerlo mejor?"", me encanta compartir mis conocimientos y aprendizajes con los dem√°s y al mismo tiempo aprender de los dem√°s. (supongo que) como progresi√≥n natural de esta actitud, fund√© el Grupo de Usuarios de Java de Barcelona ( https://www.barcelonajug.org ) y cofund√© la antigua Conferencia sobre Java y la JVM de Barcelona ( JBCNConf ), ahora Barcelona Developers Conference ( https://www.devbcn.com ). 
Cuando no estoy pensando en la pr√≥xima cosa interesante que hacer para la comunidad, me gusta pasar tiempo con mi familia, hacer deporte o mejorar mis habilidades como TDD u otras habilidades XP.",Hablar√© de TDD. Pues ... porque existen multitud de mitos y prejuicios acerca de este pr√°ctica que much@s desarrolladores aceptan como algo natural y me gustar√≠a ayudar (un poco) a minimizar tales prejuicios y ayudar un poco a que tod@s l@s developers puedan animarse a probar y entender las ventajas de escribir los test ANTES de escribir el c√≥digo de  producci√≥n,"Que la gente viera que hay una serie de ventajas inherentes a eso de plantearse escribir nuestros tests antes y que entendiera la cantidad de ventajas que nos ofrece a la hora de desarrollar: small increments, simple design, testeability by default, super fast-feedback-loop, implementar lo m√≠nimo y suficiente para todos nuestros requisitos, etc... TDD nos aporta muchas ventajas a la hora de desarrollar y entregar funcionalidades y me gustar√≠a que la audiencia pudiera ver tal cantidad de ventajas VS la posibilidad de escribir los test DESPUES del c√≥digo de producci√≥n ",Java,IntelliJ Idea,"JUnit, AssertJ, Testcontainers, Gradle y Maven (entre otros)",buah... ni lo recuerdo... empec√© all√° por el 99 ... üòÖ ... ¬øquiz√° all√° por el 2001 con los ant files / XML de la √©poca ?,uh... pues creo que fue gracias al estar en contacto con la comunidad Java que empec√© a ver las posibilidades (immensas) del c√≥digo libre ,"buh... ya me gustar√≠a ya,... pero no tengo tiempo disponible: entre la familia, el trabajo, organizar la conferencia... no me queda tiempo para contribuir al OSS... (aunque ya me gustar√≠a ya...)","por supuesto, echarle un ojo al c√≥digo, revisar las ""1st/welcome/starter issues"" y luego contactar con la comunidad...",yessss!! Gracias a un tal Jorge Hidalgo ;-) ,"mi juguete favorito? ü§î pues... no idea, me encantan/ban los deportes... recuerdo con cari√±o alg√∫n transformer de color rojo que perd√≠ en un viaje de esos de coche interminable que hac√≠amos en verano para ir a ver a la familia... 
Recuerdo con cari√±o el 1er ordenador que me compr√≥ mi padre: un Amstrad PCW 8512... en el que aprend√≠ a empezar a interactuar con las m√°quinas... ¬øy qu√© hice a las pocas semanas de tenerlo? Claro, romperlo, simplemente carg√°ndome el sistema operativo, ¬øc√≥mo no se aprenden las cosas!? üòÖ
Btw, siempre he sido de comer bien (cosa que como medio gallego/medio catal√°n siempre me ha dado alg√∫n que otro dolor de est√≥mago üòÖ por glot√≥n)... ",https://twitter.com/icougil / https://www.linkedin.com/in/icougil/
Ra√∫l Gonz√°lez,"Especialista en optimizar WordPress. Te ayudo a tener una web WordPress ultrarr√°pida, que aumente tus visitas y conversiones, y tenga menos gastos.",Optimizar hosting WordPress,Ayudar a tener hostings WordPress optimizados.,No programo.,No uso.,WordPress,WordPress,WordPress,Ayudar a tener proyectos propios.,Crear contenido educativo.,S√≠. Me invitaron.,Me encantaba desmontar todo aparato electr√≥nico para saber qu√© hab√≠a dentro.,https://twitter.com/YoRaulGonzalez
Sergio Padrino,"Soy Staff Software Engineer en GitHub, trabajando en GitHub Desktop, y entre mis aficiones est√°n: viajar, el anime (One Piece ‚ù§Ô∏è), los videojuegos (sobre todo retro) y la programaci√≥n. √öltimamente me he aficionado a ""restaurar"" juegos antiguos, y de ah√≠ mi charla...","Hablar√© de c√≥mo ha sido el proceso de ""restaurar"" un juego de MSDOS de los 90 llamado Supaplex para que, manteniendo id√©ntico comportamiento al original, pueda jugarse en plataformas modernas de manera nativa. Adem√°s, haciendo todo este trabajo open source como un ejercicio de preservaci√≥n que permita que quien quiera porte el juego a nuevas plataformas en el futuro.","Transmitir mi pasi√≥n por los videojuegos retro y por la preservaci√≥n de los mismos a trav√©s de la cultura open source, as√≠ como ense√±ar el proceso de todo este trabajo y algunos trucos o ideas que pudieran ser √∫tiles en el d√≠a a d√≠a de un ingeniero de software.",TypeScript,Visual Studio Code,"GitHub Desktop, Visual Studio Code y, por supuesto, OpenSupaplex üëÄ","Un Live CD de Mandrake Linux 9.2 que ven√≠a en una revista. Las screenshots del mismo realmente me llamaron mucho la atenci√≥n as√≠ que le di una oportunidad. La experiencia no fue tan bonita como las screenshots, pero segu√≠ d√°ndole oportunidades!",,"GitHub Desktop es software libre y es mi trabajo, as√≠ que dir√≠a que la primera motivaci√≥n es dinero üí∞üòÇ Pero en general, cuando contribuyo es porque quiero ayudar a mejorar software que uso, o porque creo que tengo algo que compartir y que puede ser interesante para los dem√°s. En el caso de OpenSupaplex, tambi√©n porque quiero preservarlo.","Buscar en GitHub el repositorio de tu app libre favorita, arreglar o modificar alguna cosa que te chirr√≠e, y abrir una pull request!","S√≠, es mi primera vez! Os conoc√≠ gracias a @pablonete que es compa√±ero en GitHub ‚ù§Ô∏è","En general, creo que era un dolor en la mesa. Y no solo por lo mal que com√≠a, que tambi√©n, sino porque me quedaba empanado pensando en mis cosas mientras miraba a la TV en vez de dedicarme a comer. Mis padres se resist√≠an a apagar la TV as√≠ que me sentaban en la mesa de espaldas a la tele para pon√©rmelo m√°s complicado (SPOILER: no era muy efectivo üòÇ).

Yo me hab√≠a olvidado completamente de esto hasta que hace literalmente unos d√≠as, estaba en un bar tom√°ndome un refresco con mi padre, y me qued√© empanado mirando los anuncios de la tele del bar pensando en mis cosas (que no son pocas üò≠ü§£). Mi padre se dio cuenta y me lo record√≥. Se ve que en algunas cosas no he cambiado mucho... üëÄ","https://twitter.com/sergiou87
https://www.linkedin.com/in/sergio-padrino-recio-3a301746/"
Pablo Panti√≥n Bonilla,"Mi nombre es Pablo, y soy de Sevilla.

Soy inform√°tico y actualmente me dedico a ser consultor en el area de la ciberseguridad.
Entre mis aficiones a parte de la inform√°tica, es la m√∫sica la cual he estado dedicando una parte de mi vida en un conservatorio (viol√≠n) y el deportes como el f√∫tbol sala, tenis o p√°del (siendo este √∫ltimo un deporte que llevo practicado desde que tengo uso de raz√≥n).

En general me consider√≥ una persona la cual le gusta aprender y descubrir cosas nuevas e intento aplicar una frase que hace tiempo un viejo maestro dijo... Hazlo o no lo hagas, pero no lo intentes, y eso que hagas disfr√∫talo y a eso he venido a disfrutar de este evento y a compartir este taller con las personas que asistan.","Se hablar√°n de aplicaciones para realizar un peritaje forense.
Porque es un tema interesante en el cual llama mucho la atenci√≥n a los ciudadanos.",Pues que se animen a descubrir o que sigan profundizando en el mundo de la ciberseguridad.,PHP,PyCharm,,En un taller de la universidad.,Con un grupo de amigos en un local.,No,,"S√≠, a trav√©s de Jorge Hidalgo, el cual le gusto el taller que junto a mis compa√±eros de Accenture presentamos este a√±o en el pasado congreso de Andaluc√≠a de ciberseguridad.",,https://www.linkedin.com/in/pablo-panti%C3%B3n-bonilla-54761867/
Jes√∫s Espino,"Soy Ingeniero de Software en Mattermost, y me encanta aprender sobre tecnolog√≠a. Me encantan los lenguajes de programaci√≥n y saber como funcionan las cosas por dentro.","Hablare sobre el compilador de Go intentando dar una vision general del compilador con un ejemplo lo m√°s sencillo posible. Siempre me ha parecido interesantes los compiladores, son algo m√°gico. Les das un bloque de texto y te devuelve algo que hace que tu ordenador haga su trabajo.","Principalmente me gustar√≠a que entienda mejor como funcionan los compiladores por dentro, y de paso animarles a explorar el c√≥digo fuente que hay por ah√≠, compiladores, bases de datos, sistemas de escritorio... Hay miles y miles de proyectos open source esperando a que los exploremos y aprendamos de ellos.","En realidad tengo muchos favoritos, pero ahora mismo dir√≠a que es Go.",NeoVim,Git,"Mi primera experiencia que recuerde fue instalar una RedHat Linux en mi ordenador de casa cuando ten√≠a 15 a√±os, y ver todo un mundo de posibilidades. Era algo complicado y no sab√≠a lo que estaba haciendo, pero me engancho desde el principio.","Cuando estaba en el colegio, con unos 15 a√±os, un compa√±ero me introdujo en Linux y en el software libre, y eso cambio mi vida para siempre.","Si contribuyo, mi principal motivo es un motivo √©tico, creo que el software libre es la forma correcta de hacer las cosas. Compartir y colaborar es una forma mas eficiente de llevar hacia delante cualquier tipo de esfuerzo. Tambi√©n creo que cuando uno hace software libre esta a√±adiendo riqueza que pertenece a todo el mundo, reduciendo el muro que supone la inversion inicial en cualquier proyecto. Ya no hay que pagar por licencias de BBDD o servidores web, o el sistema operativo. Eso habr√© la posibilidad de innovar, competir y ganarse la vida a much√≠sima m√°s gente en el mundo.","Depende de cada persona, pero yo dir√≠a que hay que conocer cuales son tus puntos fuertes, donde te sientes mas c√≥modo, y empezar por ah√≠. Si eres bueno programando, intenta resolver alg√∫n problema de programaci√≥n sencillo. Si eres bueno organizando, intenta ayudar con la gesti√≥n de las issues. Si eres bueno comunicando, plantea ayudar con la comunicaci√≥n del proyecto.

Colaborar en un proyecto supone un esfuerzo para todos, el que colabora y el que mantiene el proyecto. Hay que buscar que la fricci√≥n sea lo menor posible, y la mejor manera es haciendo algo que ya sabes hacer.","Si, lo conoc√≠ a trav√©s de Jorge Hidalgo mientras cenabamos juntos en la cena de Speakers de otro evento.","A pesar de que ahora no se note, era una persona tremendamente activa. Me gustaban todos los deportes excepto el futbol.",https://twitter.com/jespinog
Luis Majano,"Soy el CEO de Ortus Solutions y el creador del framework ColdBox HMVC, CommandBox CLI, ContentBox CMS, TestBox BDD entre otros.  Manejo una empresa multi-nacional de desarollo de aplicaciones web enfocadas al codigo libre.",Hablare acerca de patrones de dise√±o via event-driven messaging ocupando RabbitMQ.  Hablo de este tema ya que ocupamos RabbitMQ en multiples aplicaciones y me apasiona el tema.,Poder expandirles el conocimiento acerca de event driven programming,ColdFusion (CFML),VSCode,ColdBox HMVC :),"Fue ocupando sistemas operativos linux como Redhat, Mandrake Linux y mas",,Tenemos mas de 350 librerias de codigo libre que manejamos en Github.  Nuestra motivacion es conquistar el mundo libreria por libreria y traer el codigo libro a todos.,Empezar mandado pull requests.  Aunque sea solo typo fixes.  Pero es involucrarte de inmediato. No esperar que los autores hagan todo.,no,Naci y me crie en El Salvador durante la guerra civil en los 80's.  Mi deporte favorita es el tennis y volleyball.  Me encantaba abrir todos los electronicos y ver como funcionaban.,"https://twitter.com/lmajano , https://twitter.com/ortussolutions , https://www.linkedin.com/company/ortus-solutions-corp/, https://linkedin.com/in/lmajano"
Paolo Medel,"Me llamo Paolo soy originario de Peru. Soy Delivery Manager en Epam, y tengo mas de 15 anos de experiencia en soluciones web mayormente en java. Mis hobbies son nadar, go karting y ver peliculas de terror.",Es un taller de introduccion a la programacion para ninos en Scratch,Que mas ninos esten interesados en el mundo de la programacion y sepan las cosas geniales que pueden lograr con ello,Java,IntelliJ,,mySql,implementar una aplicacion con una base de datos open source,no,,Por medio de la empresa para la que trabajo (Epam),Mi jueguete favorito era un auto en escala 1:12 del auto fantastico (knight rider),https://www.linkedin.com/in/william-paolo-lopez-medel-14068153
